"","name","beschaeftigte_jahr","beschaeftigte","umsatz","adressecheck","beschreibung","adressegesamt","adresse","plz","land","ansprechperson","tel","email","website","seite","sparten","adressegesamtat","long","lat","geocodedadress"
"1","3D Elements GmbH","2015","8",NA,"Sparkassenplatz 5
6020 Innsbruck, Tirol","3D-Fotostudios, 3D-Datenverarbeitung","Sparkassenplatz 5, 6020 Innsbruck","Sparkassenplatz 5","6020 Innsbruck","Austria | Österreich","Dominik Leitner","T +43 / 664 / 121 98 88","E service@3delements.com","W www.3delements.com",15,"COMMUNICATION EQUIPMENT, ENGINEERING EQUIPMENT, OPTICAL EQUIPMENT & OPTO-ELECTRONICS, ENGINEERING SERVICES & TRAINING, ICT & CYBER, OTHERS","Sparkassenplatz 5, 6020 Innsbruck , Österreich",11.3943177,47.2661034,"sparkassenpl. 5, 6020 innsbruck, austria"
"2","Advenica GmbH","n.v.","n.v.",NA,"Tuchlauben 7a
1010 Wien","Cybersicherheitslösungen für Top-Secret-Daten","Tuchlauben 7a / 5, 1010 Wien","Tuchlauben 7a / 5","1010 Wien","Austria | Österreich","Markus Gursch","T +43 / 1 / 253 00 25 270","E markus.gursch@advenica.com","W www.advenica.com",16,"ICT & CYBER","Tuchlauben 7a / 5, 1010 Wien , Österreich",16.3694639,48.2103809,"tuchlauben 7a, 1010 wien, austria"
"3","Air Ambulance Technology GesmbH","#N/A","n.v.","#N/A","#N/A","schnell wechselbare Rettungsausrüstungen für Helikopter und Flugzeuge, sämtliche relevante Luftfahrzertifizierungen, EASA Supplemental Type Zertifikate","Lamprechtshausener Straße 65, 5282 Ranshofen","Lamprechtshausener Straße 655282 Ranshofen","Austria | Österreich",NA,"Nicole Kuntner-Hudson","T +43 / 7722 / 850 51","E n.kuntner@airambulancetechnology.com","W www.airambulancetechnology.com",17,"LOGISTICS & MEDICAL & HUMANITARIAN EQUIPMENT,","Lamprechtshausener Straße 65, 5282 Ranshofen , Österreich",13.0262045,48.2253682,"lamprechtshausener str. 65, 5282 braunau am inn, austria"
"4","Airborne Technologies GmbH","2017","37",NA,"Gloriettegasse 1/3
1130 Wien",NA,"Gloriettegasse 1/3
1130 Wien","Viktor Lang-Straße 82700 Wiener Neustadt","Austria | Österreich",NA,NA,"T +43 / 2622 / 347 18 200","E office@airbornetechnologies.at","W www.airbornetechnologies.at",18,"COMMUNICATION EQUIPMENT, ENGINEERING EQUIPMENT, OPTICAL EQUIPMENT & OPTO-ELECTRONICS, ENGINEERING SERVICES & TRAINING,","Gloriettegasse 1/3
1130 Wien , Österreich",16.2989071,48.1805405,"gloriettegasse 1, 1130 wien, austria"
"5","AIT Austrian Institute of Technology","2016 (Gruppe)","969","2016 (Gruppe): 45,87 Mio. EUR","Giefinggasse 4
1210 Wien",NA,"Giefinggasse 4, 1210 Wien","Giefinggasse 4","1210 Wien","Austria | Österreich","Michael Mürling","T +43 / 50550 / 4126","E michael.muerling@ait.ac.at","W www.ait.ac.at",19,"COMMUNICATION EQUIPMENT, TEST EQUIPMENT, LOGISTICS & MEDICAL & HUMANITARIAN EQUIPMENT, ENGINEERING SERVICES & TRAINING, ICT & CYBER,","Giefinggasse 4, 1210 Wien , Österreich",16.4266624,48.2693843,"giefinggasse 4, 1210 wien, austria"
"6","AMST-Systemtechnik GmbH","2016","95",NA,"Lamprechtshausener Straße
5282 Braunau am Inn -Ranshofen, Oberösterreich",NA,"Lamprechtshausenerstr. 63, 5282 Ranshofen","Lamprechtshausenerstr. 63","5282 Ranshofen","Austria | Österreich","Wolfgang Lindlbauer","T +43 / 7722 / 892 - 0","E lw@amst.co.at","W www.amst.co.at",20,"ENGINEERING EQUIPMENT, TEST EQUIPMENT, ENGINEERING SERVICES & TRAINING, OTHERS","Lamprechtshausenerstr. 63, 5282 Ranshofen , Österreich",13.0268938,48.2255125,"lamprechtshausener str. 63, 5282 ranshofen, austria"
"7","AT&S Austria Technologie & Systemtechnik AG","#N/A","n.v.","#N/A","#N/A",NA,"Fabriksgasse 13, 8700 Leoben","Fabriksgasse 13","8700 Leoben","Austria | Österreich","Wolfgang Brandl","T +43 / 676 / 895 578 85","E w.brandl@ats.net","W www.ats.net",21,"ENGINEERING SERVICES & TRAINING, OTHERS","Fabriksgasse 13, 8700 Leoben , Österreich",15.0665272,47.3583232,"fabriksgasse 13, 8700 hinterberg, austria"
"8","Atlas Aerospace Elektronische Geräte Vertriebs GmbH","#N/A","n.v.","#N/A","#N/A",NA,"Muthgasse 109, 1190 Wien ","Muthgasse 109","1190 Wien ","Austria | Österreich","Philipp Muchitsch","T +43 / 1 / 320 23 88","E atlas@atlasaero.at","W www.atlasaerospace.at",22,"Waffen & Munition, PERSONAL EQUIPMENT, COMMUNICATION EQUIPMENT, OPTICAL EQUIPMENT & OPTO-ELECTRONICS, OTHERS","Muthgasse 109, 1190 Wien  , Österreich",16.3695819,48.2529738,"muthgasse 109, 1190 wien, austria"
"9","Atos Österreich","#N/A","n.v.","#N/A","#N/A",NA,"Siemensstraße 92, 1210 Wien","Siemensstraße 92","1210 Wien","Austria | Österreich",NA,"T +43 / 1 / 506 18 0","E austria.at@atos.net","W www.atos.net/austria",23,"ICT & CYBER","Siemensstraße 92, 1210 Wien , Österreich",16.4257686,48.266734,"siemensstraße 92, 1210 wien, austria"
"10","ATS Gebäude- und Sicherheitstechnik GmbH","2016","6",NA,"Heiligenkreuzer Straße 48
2392 Sulz im Wienerwald, Niederösterreich",NA,"Heiligenkreuzer Straße 48
2392 Sulz im Wienerwald, Niederösterreich","Gruberau 482392 Wienerwald","Austria | Österreich","Ursula Brichacek",NA,"T +43 / 2238 / 700 05 - 0","E FJB@ats.co.at","W www.ats.co.at",24,"OTHERS","Heiligenkreuzer Straße 48
2392 Sulz im Wienerwald, Niederösterreich , Österreich",16.097114,48.1207232,"heiligenkreuzer str. 48, 2392 gruberau, austria"
"11","AUSTRIALPIN GMBH","2016","12",NA,"Industriezone C 2a
6166 Fulpmes, Tirol",NA,"Industriezone C 2a, 6166 Fulpmes","Industriezone C 2a","6166 Fulpmes","Austria | Österreich","Robert Span","T +43 / 5225 / 652 48","E robert.span@austrialpin.at","W www.austrialpin.at",25,"PERSONAL EQUIPMENT, TEST EQUIPMENT,","Industriezone C 2a, 6166 Fulpmes , Österreich",11.3483091,47.1521124,"fulpmes, austria"
"12","Austro Engine GmbH","2018","80","2015/16: 16,75 Mio. EUR","Rudolf Diesel-Straße 11
2700 Wiener Neustadt, Niederösterreich",NA,"Rudolf Diesel-Straße 11, 2700 Wiener Neustadt","Rudolf Diesel-Straße 11","2700 Wiener Neustadt","Austria | Österreich","Mario Spiegel","T +43 / 2622 / 230 00","E m.spiegel@austroengine.at","W www.austroengine.at",26,"OTHERS","Rudolf Diesel-Straße 11, 2700 Wiener Neustadt , Österreich",16.2524569,47.841164,"rudolf-diesel-straße 11, 2700 wiener neustadt, austria"
"13","AVL List GmbH","2016 (Gruppe)","9115","2016 (Gruppe): 1.385,09 Mio. EU","Hans-List-Platz 1
8020 Graz, Steiermark",NA,"Hans-List-Platz 1, 8020 Graz","Hans-List-Platz 1","8020 Graz","Austria | Österreich",NA,"T +43 / 316 / 787 - 0","E info@avl.com","W www.avl.com",27,"VEHICLES & ACCESSORIES, TEST EQUIPMENT, ENGINEERING SERVICES & TRAINING, ICT & CYBER,","Hans-List-Platz 1, 8020 Graz , Österreich",15.425109,47.0778748,"hans-list-platz 1, 8020 graz, austria"
"14","BDP Ballistic & Defence Products ","#N/A","n.v.","#N/A","#N/A",NA,"Karlauergürtel 29-31, 8020 Graz","Karlauergürtel 29-31","8020 Graz","Austria | Österreich","Kurt Wiederwohl","T +43 / 316 / 714 591","E k.wiederwohl@bdp.at","W www.bdp.at",28,"Waffen & Munition, VEHICLES & ACCESSORIES, COMMUNICATION EQUIPMENT, ENGINEERING EQUIPMENT,","Karlauergürtel 29-31, 8020 Graz , Österreich",15.434229,47.0577884,"karlauergürtel 29, 8020 graz, austria"
"15","Besurence GmbH","0","n.v.",NA,"Hietzinger Hauptstraße 46
1130 Wien",NA,"Hietzinger Hauptstraße 46, 1130 Wien","Hietzinger Hauptstraße 46","1130 Wien","Austria | Österreich","Katrin Kampschulte","T +43 / 1 / 503 59 79","E k.kampschulte@besurence.com","W www.besurence.com",29,"LOGISTICS & MEDICAL & HUMANITARIAN EQUIPMENT,","Hietzinger Hauptstraße 46, 1130 Wien , Österreich",16.2883923,48.1872677,"hietzinger hauptstraße 46, 1130 wien, austria"
"16","Billitz GmbH","2016","12",NA,"Hauswiesenweg 3
2463 Gallbrunn, Niederösterreich",NA,"Hauswiesenweg, 32463 Gallbrunn","Hauswiesenweg","32463 Gallbrunn","Austria | Österreich","Michael Hofbauer","T +43 / 2230 / 711 66 - 0","E sales@billitz.com","W www.billitz.com",30,"LOGISTICS & MEDICAL & HUMANITARIAN EQUIPMENT, OTHERS","Hauswiesenweg, 32463 Gallbrunn , Österreich",16.6414249,48.0505902,"hauswiesenweg, 2463 gallbrunn, austria"
"17","bit media e-solutions GmbH","2017","49",NA,"Kärntner Straße 337
8054 Graz, Steiermark",NA,"Kärntner Strasse 337, 8054 Graz","Kärntner Strasse 337","8054 Graz","Austria | Österreich","Stefan Düss","T +43 / 664 / 619 97 05","E stefan.duess@bitmedia.at","W www.bitmedia.at",31,"ENGINEERING SERVICES & TRAINING, ICT & CYBER,","Kärntner Strasse 337, 8054 Graz , Österreich",15.4049969,47.0294469,"kärntner str. 337, 8054 graz, austria"
"18","Bowas-Induplan Chemie Ges.m.b.H.","#N/A","n.v.","#N/A","#N/A",NA,"Sterneckstraße 55, 5020 Salzburg","Sterneckstraße 55","5020 Salzburg","Austria | Österreich","Gaby Brühl","T +43 / 662 / 877 671 23","E g.bruehl@bowas.com","W www.bowas-induplan.com",32,"ENGINEERING SERVICES & TRAINING, DEMILITARISATION & DEMINING,","Sterneckstraße 55, 5020 Salzburg , Österreich",13.0634861,47.810089,"sterneckstraße 55, 5020 salzburg, austria"
"19","Carbon-solutions Hintsteiner GmbH","2017","19",NA,"Kirchengasse 1
8644 Kindberg, Steiermark",NA,"Kirchengasse 1, 8644 Mürzhofen","Kirchengasse 1","8644 Mürzhofen","Austria | Österreich","Martin Hintsteiner","T +43 / 3864 / 23 36","E office@hintsteiner.at","W www.hintsteiner-group.com",33,"Waffen & Munition, VEHICLES & ACCESSORIES, ENGINEERING EQUIPMENT, OPTICAL EQUIPMENT & OPTO-ELECTRONICS, TEST EQUIPMENT, LOGISTICS & MEDICAL & HUMANITARIAN EQUIPMENT, DEMILITARISATION & DEMINING,","Kirchengasse 1, 8644 Mürzhofen , Österreich",15.3955771,47.4848094,"kirchengasse 1, 8644 mürzhofen, austria"
"20","CGS Trading Import-Export GmbH","2015","2",NA,"Lichtenauergasse 7/12
1020 Wien",NA,"Lichtenauergasse 7/12, 1020 Wien","Lichtenauergasse 7/12","1020 Wien","Austria | Österreich","Christine Grassl","T +43 / 1 / 581 05 06 - 30","E grassl@cgs-trading.com",NA,34,"VEHICLES & ACCESSORIES, PERSONAL EQUIPMENT, ENGINEERING EQUIPMENT, OTHERS","Lichtenauergasse 7/12, 1020 Wien , Österreich",16.3892342,48.2146418,"lichtenauergasse 7, 1020 wien, austria"
"21","charismaTec OG","n.v.","n.v.",NA,"Sandgasse 25a/5
8010 Graz, Steiermark",NA,"Sandgasse 25a/5, 8010 Graz","Sandgasse 25a/5","8010 Graz","Austria | Österreich","Sandra Slavinec","T +43 / 664 / 881 869 90","E office@charismatec.at","W www.doculuslumus.com | www.charismatec.at",35,"OPTICAL EQUIPMENT & OPTO-ELECTRONICS, LOGISTICS & MEDICAL & HUMANITARIAN EQUIPMENT,","Sandgasse 25a/5, 8010 Graz , Österreich",15.4568061,47.0590531,"sandgasse 25a, 8010 graz, austria"
"22","CHV Container Handels- und Vermietungsgesellschaft m.b.H.","#N/A","n.v.","#N/A","#N/A",NA,"Lastenstrasse 30, 1230 Wien","Lastenstrasse 30","1230 Wien","Austria | Österreich","Wolfgang Weinrich | Thomas Dalla Veccia","T +43 / 1 / 865 20 50 - 0","E office@chv.at","W www.chv.at",36,"LOGISTICS & MEDICAL & HUMANITARIAN EQUIPMENT,","Lastenstrasse 30, 1230 Wien , Österreich",16.2873601,48.1425529,"lastenstraße 30, 1230 wien, austria"
"23","cogvis software und consulting GmbH","2016","11",NA,"Wiedner Hauptstraße 17/3a
1040 Wien",NA,"Wiedner Hauptstraße 17/1/3a, 1040 Wien","Wiedner Hauptstraße 17/1/3a","1040 Wien","Austria | Österreich","Rainer Planinc","T +43 / 1 / 236 058 - 0","E office@cogvis.at","W cogvis.at",37,"LOGISTICS & MEDICAL & HUMANITARIAN EQUIPMENT,","Wiedner Hauptstraße 17/1/3a, 1040 Wien , Österreich",16.3678223,48.196799,"wiedner hauptstraße 17/3a, 1040 wien, austria"
"24","Commend International GmbH","2016","166",NA,"Saalachstraße 51
5020 Salzburg, Salzburg",NA,"Saalachstrasse 51, 5020 Salzburg","Saalachstrasse 51","5020 Salzburg","Austria | Österreich",NA,"T +43 / 662 / 856 225","E office@commend.com","W www.commend.com",38,"COMMUNICATION EQUIPMENT,","Saalachstrasse 51, 5020 Salzburg , Österreich",12.9930623,47.8306203,"saalachstraße 51, 5020 salzburg, austria"
"25","CyberTrap Software GmbH","2015","5",NA,"Komarigasse 14/1
2700 Wiener Neustadt, Niederösterreich",NA,"Komarigasse 14, 2700 Wr. Neustadt","Komarigasse 14","2700 Wr. Neustadt","Austria | Österreich","Jack Wagner","T +43 / 1 / 890 47 00","E office@cybertrap.com","W www.cybertrap.com",39,"ICT & CYBER","Komarigasse 14, 2700 Wr. Neustadt , Österreich",16.2523038,47.8146691,"komarigasse 14, 2700 wiener neustadt, austria"
"26","Desoma GmbH","2017","8",NA,"Jakominiplatz 12
8010 Graz, Steiermark",NA,"Jakominiplatz 12, 8010 Graz","Jakominiplatz 12","8010 Graz","Austria | Österreich","Johann Preinsberger | Adolf Schmidthuber","T +43 / 316 / 810 - 330","E info4ip@desoma.org","W www.desoma.org",40,"COMMUNICATION EQUIPMENT, ENGINEERING SERVICES & TRAINING, ICT & CYBER,","Jakominiplatz 12, 8010 Graz , Österreich",15.4442351,47.0674808,"jakominipl. 12, 8010 graz, austria"
"27","Diamond Aircraft Industries GmbH","2016","426","2015/16: 86,74 Mio. EUR","Nikolaus August Otto-Straße 5
2700 Wiener Neustadt, Niederösterreich",NA,"Nikolaus August Otto-Straße 5
2700 Wiener Neustadt, Niederösterreich","N.A. Otto Str. 5","2700 Wiener Neustadt","Austria | Österreich",NA,"T +43 / 2622 / 267 00 – 1317","E sales@diamond-air.at","W www.diamond-air.at",41,"VEHICLES & ACCESSORIES,","Nikolaus August Otto-Straße 5
2700 Wiener Neustadt, Niederösterreich , Österreich",16.2517868,47.8428474,"nikolaus-august-otto-straße 5, 2700 wiener neustadt, austria"
"28","DIPROmed GmbH","2015","4",NA,"Eisgrubengasse 2-6
2334 Vösendorf, Niederösterreich",NA,"Eisgrubengasse 2-, 62334 Vösendorf","Eisgrubengasse 2-","62334 Vösendorf",NA,"Alexander Otto","T +43 / 2236 / 374 019","E sales@dipromed.at","W www.dipromed.at",42,"TEST EQUIPMENT,","Eisgrubengasse 2-, 62334 Vösendorf , Österreich",16.3146475,48.1100026,"eisgrubengasse 2, 2334 vösendorf, austria"
"29","Dlouhy GmbH","2016","103","2017: 25,23 Mio. EUR","Königstetter Straße 163 A
3430 Tulln, Niederösterreich",NA,"Königstetter Straße 163a, 3430 Tulln","Königstetter Straße 163a","3430 Tulln","Austria | Österreich","Martin Dlouhy","T +43 / 2272 / 631 00","E tulln@dlouhy.at","W www.dlouhy.at",43,"VEHICLES & ACCESSORIES, LOGISTICS & MEDICAL & HUMANITARIAN EQUIPMENT,","Königstetter Straße 163a, 3430 Tulln , Österreich",16.0791409,48.3213979,"königstetter str. 163a, 3430 tulln an der donau, austria"
"30","dormakaba Austria GmbH","2017","562","2016/17: 100,50 Mio. EUR","Ulrich-Bremi-Straße 2
3130 Herzogenburg, Niederösterreich",NA,"Ulrich-Bremi-Straße 2, 3130 Herzogenburg","Ulrich-Bremi-Straße 2","3130 Herzogenburg","Austria | Österreich",NA,"T +43 / 2782 / 808 - 0","E office.at@dormakaba.com","W www.dormakaba.at",44,"ENGINEERING EQUIPMENT, ENGINEERING SERVICES & TRAINING, ICT & CYBER,","Ulrich-Bremi-Straße 2, 3130 Herzogenburg , Österreich",15.7088364,48.2824812,"ulrich-bremi strasse 2, 3130 herzogenburg, austria"
"31","Edelweiss Industries","#N/A","n.v.","#N/A","#N/A",NA,"Blumauerstraße 200A, 2601 Sollenau","Blumauerstraße 200A","2601 Sollenau","Austria | Österreich","Andreas Steindl","T +43 / 2628 / 483 49","E office@edelweiss.world","W www.edelweiss.world",45,"Waffen & Munition, PERSONAL EQUIPMENT, ENGINEERING EQUIPMENT, ENGINEERING SERVICES & TRAINING, OTHERS","Blumauerstraße 200A, 2601 Sollenau , Österreich",16.2805866,47.9067944,"blumauerstraße 200, 2601 sollenau, austria"
"32","ELMA-TECH modern technologies","#N/A","n.v.","#N/A","#N/A",NA,"Pummerinplatz 1, 4490 St. Florian","Pummerinplatz 1","4490 St. Florian","Austria | Österreich","Herbert Steinleitner","T +43 / 7224 / 412 65","E office@elma-tech.com","W www.elma-tech.com",46,"PERSONAL EQUIPMENT, ENGINEERING EQUIPMENT, TEST EQUIPMENT, ENGINEERING SERVICES & TRAINING, OTHERS","Pummerinplatz 1, 4490 St. Florian , Österreich",14.3963255,48.2099731,"pummerinpl. 1, 4490 st. florian, austria"
"33","EMPL Fahrzeugwerk Ges.m.b.H.","#N/A","n.v.","#N/A","#N/A",NA,"Gewerbestraße 12, 6272 Kaltenbach","Gewerbestraße 12","6272 Kaltenbach","Austria | Österreich",NA,"T +43 / 5283 / 501 - 0","E info@empl.at","W www.empl.at",47,"VEHICLES & ACCESSORIES,","Gewerbestraße 12, 6272 Kaltenbach , Österreich",11.877688,47.2893026,"gewerbestraße 12, 6272 kaltenbach, austria"
"34","ESL Advanced Information Technology ","#N/A","n.v.","#N/A","#N/A",NA,"Obachgasse 26, 1220 Wien","Obachgasse 26","1220 Wien","Austria | Österreich",NA,"T +43 / 1 / 256 24 53 - 0","E office@eslait.at","W www.eslait.at",48,"Waffen & Munition, VEHICLES & ACCESSORIES, PERSONAL EQUIPMENT, COMMUNICATION EQUIPMENT, OPTICAL EQUIPMENT & OPTO-ELECTRONICS, ENGINEERING SERVICES & TRAINING, ICT & CYBER,","Obachgasse 26, 1220 Wien , Österreich",16.4625505,48.2582287,"obachgasse 26, 1220 wien, austria"
"35","eurofunk KAPPACHER GmbH","2017","378","2016/17: 44,86 Mio. EUR","Eurofunkstraße 1-8
5600 St.Johann im Pongau, Salzburg",NA,"eurofunk-Straße 1-8, 5600 St. Johann im Pongau","eurofunk-Straße 1-8","5600 St. Johann im Pongau","Austria | Österreich",NA,"T +43 57 112 - 0","E office@eurofunk.com","W www.eurofunk.com",49,"COMMUNICATION EQUIPMENT, ENGINEERING EQUIPMENT, ICT & CYBER,","eurofunk-Straße 1-8, 5600 St. Johann im Pongau , Österreich",13.2008334,47.343528,"eurofunkstraße 1/8, 5600 plankenau, austria"
"36","EVVA Sicherheitstechnologie GmbH","2016 (Gruppe)","716","2016 (Gruppe): 74,16 Mio. EUR","Wienerbergstraße 59-65
1120 Wien",NA,"Wienerbergstraße 59-65, 1120 Wien","Wienerbergstraße 59-65","1120 Wien","Austria | Österreich",NA,"T +43 / 1 / 811 65 - 0","E office-wien@evva.com","W www.evva.com",50,"OTHERS","Wienerbergstraße 59-65, 1120 Wien , Österreich",16.3286426,48.1718842,"wienerbergstraße 59-65, 1120 wien, austria"
"37","EYE.AERO gmbh","2016","1",NA,"Neubauring 29
4432 Ernsthofen (NÖ), Niederösterreich",NA,"Neubauring 29, 4432 Ernsthofen","Neubauring 29","4432 Ernsthofen","Austria | Österreich","Gregor Schnoell","T +43 / 7435 / 202 26","E office@eye.aero","W www.eye.aero",51,"OTHERS","Neubauring 29, 4432 Ernsthofen , Österreich",14.4805026,48.1315557,"neubauring 29, 4432 rubring, austria"
"38","FinPin Technologies GmbH","2016","0",NA,"Wienerbergstraße 11/12a
1100 Wien",NA,"Wienerbergstraße 11/12a, 1100 Wien","Wienerbergstraße 11/12a","1100 Wien","Austria | Österreich",NA,"T +43 / 670 / 204 42 72","E office@finpintech.com","W www.seza.me",52,"ICT & CYBER","Wienerbergstraße 11/12a, 1100 Wien , Österreich",16.3469547,48.1685719,"wienerbergstraße 11, 1100 wien, austria"
"39","fireKRAFT AUSTRIA","#N/A","n.v.","#N/A","#N/A",NA,"Industriestraße 5, 4061 Pasching","Industriestraße 5","4061 Pasching","Austria | Österreich","Thomas Kraft","T +43 / 7229 / 662 40 - 0","E office@firekraft.at","W www.firekraft.at",53,"PERSONAL EQUIPMENT, ENGINEERING EQUIPMENT, TEST EQUIPMENT, ENGINEERING SERVICES & TRAINING, OTHERS","Industriestraße 5, 4061 Pasching , Österreich",14.232985,48.245667,"industriestraße 5, 4061, austria"
"40","Flex Althofen","#N/A","n.v.","#N/A","#N/A",NA,"Friesacher Straße 3, 9330 Althofen","Friesacher Straße 3","9330 Althofen","Austria | Österreich","Günther Steger","T +43 / 4262 / 26 44 - 1611","E guenther.steger@flex.com","W www.flex.com",54,"COMMUNICATION EQUIPMENT, OPTICAL EQUIPMENT & OPTO-ELECTRONICS, OTHERS","Friesacher Straße 3, 9330 Althofen , Österreich",14.4645362,46.8747679,"friesacher str. 3, 9330 althofen, austria"
"41","fragmentiX, a ProCom-Strasser GmbH Venture","#N/A","n.v.","#N/A","#N/A",NA,"P.O. Box 9, 3400 Klosterneuburg","P.O. Box 9","3400 Klosterneuburg","Austria | Österreich","Werner Strasser ","T +43 / 664 / 325 88 96","E ws@fragmentix.com","W www.fragmentix.com",55,"ICT & CYBER","P.O. Box 9, 3400 Klosterneuburg , Österreich",16.2984848,48.2925299,"3400, austria"
"42","Franz Achleitner GMBH","#N/A","n.v.","#N/A","#N/A",NA,"Innsbrucker Straße 94, 6300 Wörgl","Innsbrucker Straße 94","6300 Wörgl","Austria | Österreich","Franz Achleitner","T +43 / 5337 / 66 600","E office@achleitner.com","W www.achleitner.com",56,"VEHICLES & ACCESSORIES, COMMUNICATION EQUIPMENT, OPTICAL EQUIPMENT & OPTO-ELECTRONICS, ENGINEERING SERVICES & TRAINING, OTHERS","Innsbrucker Straße 94, 6300 Wörgl , Österreich",12.0491804,47.4794569,"innsbrucker str. 94, 6300 wörgl, austria"
"43","Frequentis AG","2017 (Gruppe)","1697","2017: 198,05 Mio. EUR","Innovationsstraße 1
1100 Wien",NA,"Innovationsstraße 1, 1100 Wien","Innovationsstraße 1","1100 Wien","Austria | Österreich","T +43 / 1 / 811 50 - 0",NA,"E marketing@frequentis.com","W www.frequentis.com",57,"COMMUNICATION EQUIPMENT,","Innovationsstraße 1, 1100 Wien , Österreich",16.3338121,48.1640871,"innovationsstraße 1, 1100 wien, austria"
"44","FUXS GmbH","2015","2",NA,"Exerzierplatzstraße 85
8051 Graz, Steiermark",NA,"Exerzierplatzstrasse 85, 8051 Graz","Exerzierplatzstrasse 85","8051 Graz","Austria | Österreich","Franz Stuhlbacher","T +43 / 316 / 698 778 - 10","E fs@fuxs-company.com","W www.fuxs-company.com",58,"VEHICLES & ACCESSORIES, ENGINEERING EQUIPMENT, TEST EQUIPMENT, OTHERS","Exerzierplatzstrasse 85, 8051 Graz , Österreich",15.4107934,47.0993317,"exerzierplatzstraße 85, 8051 graz, austria"
"45","GD European Land Systems - Steyr GmbH","2017","120","2016: 18,99 Mio. EUR","Bleibtreustraße 2
1110 Wien",NA,"Bleibtreustraße 2, 1110 Wien","Bleibtreustraße 2","1110 Wien","Austria | Österreich","Michael Mock","T +43 / 1 / 760 64 - 0","E michael.mock@gdels.com","W www.gedels.com",59,"Waffen & Munition, VEHICLES & ACCESSORIES, LOGISTICS & MEDICAL & HUMANITARIAN EQUIPMENT, ENGINEERING SERVICES & TRAINING,","Bleibtreustraße 2, 1110 Wien , Österreich",16.4486799,48.1774363,"bleibtreustraße 2, 1110 wien, austria"
"46","GLOCK Ges.m.b.H.","#N/A","n.v.","#N/A","#N/A",NA,"Gaston Glock-Platz 1, 2232 Deutsch-Wagram","Gaston Glock-Platz 1","2232 Deutsch-Wagram","Austria | Österreich",NA,"T +43 / 2247 / 903 00","E impressum@glock.at","W www.glock.com",60,"Waffen & Munition","Gaston Glock-Platz 1, 2232 Deutsch-Wagram , Österreich",16.5662965,48.3055762,"gaston glock-platz 1, 2232 deutsch-wagram, austria"
"47","GOETZLOFF Gesellschaft mbH","2016","9",NA,"Thannstraße 6
4490 St. Florian bei Linz, Oberösterreich",NA,"Thannstrasse 6, 4490 St.Florian","Thannstrasse 6","4490 St.Florian","Austria | Österreich","Joachim H. Goetzloff","T +43 / 732 / 384 027","E office@goetzloff.at","W www.goetzloff.at",61,"PERSONAL EQUIPMENT, LOGISTICS & MEDICAL & HUMANITARIAN EQUIPMENT,","Thannstrasse 6, 4490 St.Florian , Österreich",14.379309,48.2047142,"thann str. 6, 4490 st. florian, austria"
"48","Goldeck Textil GmbH - CARINTHIA","#N/A","n.v.","#N/A","#N/A",NA,"Seebacherstraße 11-, 139871 Seeboden","Seebacherstraße 11-","139871 Seeboden","Austria | Österreich",NA,"T +43 / 4762 / 5101 - 0","E office@carinthia.eu","W www.carinthia.eu",62,"PERSONAL EQUIPMENT,","Seebacherstraße 11-, 139871 Seeboden , Österreich",8.5470354,47.4205579,"seebacherstrasse 11, 8052 zürich, switzerland"
"49","HAST GmbH","#N/A","n.v.","#N/A","#N/A",NA,"Furt 43, 4754 Andrichsfurt","Furt 43","4754 Andrichsfurt","Austria | Österreich","Gottfried Koger","T +43 / 699 / 158 880 39","E g.koger@hast.cc","W www.hast.cc",63,"Waffen & Munition, VEHICLES & ACCESSORIES, PERSONAL EQUIPMENT, COMMUNICATION EQUIPMENT, ENGINEERING EQUIPMENT, OPTICAL EQUIPMENT & OPTO-ELECTRONICS, ENGINEERING SERVICES & TRAINING,","Furt 43, 4754 Andrichsfurt , Österreich",13.5174359,48.2543326,"furt 43, 4754 andrichsfurt, austria"
"50","HICO Group GmbH","2017","2",NA,"Salesianergasse 4 Top 4
1030 Wien",NA,"Salesianergasse 4 / Top 4, 1030 Wien","Salesianergasse 4 / Top 4","1030 Wien","Austria | Österreich",NA,"T +43 / 1 / 890 7918 - 0","E sales@HICO.com","W www.HICO.com",64,"ENGINEERING SERVICES & TRAINING, ICT & CYBER, OTHERS","Salesianergasse 4 / Top 4, 1030 Wien , Österreich",16.3807009,48.2007558,"salesianergasse 4/top 4, 1030 wien, austria"
"51","HIRTENBERGER DEFENCE EUROPE GmbH","2018","90",NA,"Leobersdorfer Straße 31-33
2552 Hirtenberg, Niederösterreich",NA,"Leobersdorferstraße 31-33, 2256 Hirtenberg","Leobersdorferstraße 31-33","2256 Hirtenberg","Austria | Österreich","Roland Pittracher","T +43 / 2256 / 811 84 - 0",NA,"W hds.hirtenberger.com",65,"Waffen & Munition, TEST EQUIPMENT,","Leobersdorferstraße 31-33, 2256 Hirtenberg , Österreich",16.2473385,47.9412614,"leobersdorferstraße 31, 2525, austria"
"52","Hitzinger GmbH","2017","269","2016/17: 51,15 Mio. EUR","Helmholtzstraße 56
4020 Linz, Oberösterreich",NA,"Helmholtzstraße 56, 4021 Linz","Helmholtzstraße 56","4021 Linz","Austria | Österreich",NA,"T +43 / 732 / 381 681 – 0","E office@hitzinger.at","W www.hitzinger.at",66,"ENGINEERING EQUIPMENT,","Helmholtzstraße 56, 4021 Linz , Österreich",14.2773393,48.2569582,"helmholtzstraße 56, 4020 linz, austria"
"53","HPI High Pressure Instrumentation","2016","12",NA,"Überfuhrgasse 37
8020 Graz, Steiermark",NA,"Ueberfuhrgasse 37, 8010 Graz","Ueberfuhrgasse 37","8010 Graz","Austria | Österreich","Christian Holzer (Sales & Marketing)","T +43 / 316 / 680 470 0","E info@hpi-gmbh.com","W www.hpi-gmbh.com",67,"Waffen & Munition, ENGINEERING EQUIPMENT, TEST EQUIPMENT, ENGINEERING SERVICES & TRAINING, OTHERS","Ueberfuhrgasse 37, 8010 Graz , Österreich",15.4191019,47.0905388,"überfuhrgasse 37, 8020 graz, austria"
"54","IKARUS Security Software GmbH","2016","38",NA,"Blechturmgasse 11
1050 Wien",NA,"Blechturmgasse 11, 1050 Wien","Blechturmgasse 11","1050 Wien","Austria | Österreich",NA,"T +43 / 1 / 589 95 - 0","E office@ikarus.at","W www.IKARUSsecurity.com",68,"ICT & CYBER","Blechturmgasse 11, 1050 Wien , Österreich",16.3669166,48.1855785,"blechturmgasse 11, 1050 wien, austria"
"55","INDUCE GmbH","2017","3",NA,"Am Heumarkt 11/2
1030 Wien",NA,"Am Heumarkt 11, 1030 Wien","Am Heumarkt 11","1030 Wien","Austria | Österreich","Carl Julius Wagner","T +43 / 1 / 710 41 15","E office@induce.eu",NA,69,"OTHERS","Am Heumarkt 11, 1030 Wien , Österreich",16.3807372,48.2020332,"am heumarkt 11, 1030 wien, austria"
"56","IN-VISION Digital Imaging Optics GmbH","2017","80",NA,"Gewerbepark, Industriestraße 9/6
2353 Guntramsdorf, Niederösterreich",NA,"Industriestrasse 9, 2353 Guntramsdorf / Wien","Industriestrasse 9","2353 Guntramsdorf / Wien","Austria | Österreich","Dieter Luetze","T +43 / 664 / 357 75 13","E luetze@in-vision.at","W www.in-vision.at",70,"OPTICAL EQUIPMENT & OPTO-ELECTRONICS,","Industriestrasse 9, 2353 Guntramsdorf / Wien , Österreich",16.3194251,48.0689585,"industriestraße 9, 2353 guntramsdorf, austria"
"57","J. Blaschke Wehrtechnik GmbH","2016","4",NA,"Wienerbergstraße 42-44
1120 Wien",NA,"Wienerbergstrasse 42-44, 1120 Wien","Wienerbergstrasse 42-44","1120 Wien","Austria | Österreich","Volker Haager","T +43 / 1 / 810 09 09","E office@blaschke.com","W www.blaschke.com",71,"VEHICLES & ACCESSORIES, PERSONAL EQUIPMENT, TEST EQUIPMENT, LOGISTICS & MEDICAL & HUMANITARIAN EQUIPMENT, DEMILITARISATION & DEMINING,","Wienerbergstrasse 42-44, 1120 Wien , Österreich",16.3286644,48.1721565,"wienerbergstraße 42-44, 1120 wien, austria"
"58","JOANNEUM RESEARCH - DIGITAL","#N/A","n.v.","#N/A","#N/A",NA,"Leonhardstraße 59, 8010 Graz","Leonhardstraße 59","8010 Graz","Austria | Österreich","Maria Fellner","T +43 / 316 / 876 1637","E sales.digital@joanneum.at","W www.joanneum.at/digital",72,"VEHICLES & ACCESSORIES, PERSONAL EQUIPMENT, COMMUNICATION EQUIPMENT, ENGINEERING EQUIPMENT, ENGINEERING SERVICES & TRAINING, ICT & CYBER, OTHERS","Leonhardstraße 59, 8010 Graz , Österreich",15.4549304,47.0739965,"leonhardstraße 59, 8010 graz, austria"
"59","Kahles Gesellschaft m.b.H.","2018","60",NA,"Danfoss-Straße 5
2353 Guntramsdorf, Niederösterreich",NA,"Danfoss-Straße 5, 2353 Guntramsdorf","Danfoss-Straße 5","2353 Guntramsdorf","Austria | Österreich",NA,"T +43 / 2236 / 520 20 - 0","E info@kahles.at","W www.kahles.at",73,"OPTICAL EQUIPMENT & OPTO-ELECTRONICS,","Danfoss-Straße 5, 2353 Guntramsdorf , Österreich",16.3077014,48.0554166,"danfoss-straße, 2353 guntramsdorf, austria"
"60","Kapsch BusinessCom AG","2017","984","2016/17: 279,99 Mio. EUR","Wienerbergstraße 53
1120 Wien",NA,"Wienerbergstraße 53, 1120 Wien","Wienerbergstraße 53","1120 Wien","Austria | Österreich",NA,"T +43 / 50 / 811 0","E kbc.office@kapsch.net","W www.kapsch.net",74,"COMMUNICATION EQUIPMENT, ICT & CYBER,","Wienerbergstraße 53, 1120 Wien , Österreich",16.3312523,48.1714531,"wienerbergstraße 53, 1120 wien, austria"
"61","KIVU Technologies GmbH",NA,"n.v.",NA,"Mariahilfer Straße 133
1150 Wien",NA,"Mariahilferstrasse 133, 1150 Wien","Mariahilferstrasse 133","1150 Wien","Austria | Österreich","Robert Wesley","T +43 / 699 / 171 901 11","E wesley@kivu.tech","W www.kivu.tech",75,"ICT & CYBER","Mariahilferstrasse 133, 1150 Wien , Österreich",16.3379443,48.1951133,"mariahilfer str. 133, 1150 wien, austria"
"62","Kohlbrat & Bunz GmbH","#N/A","n.v.","#N/A","#N/A",NA,"Loretostraße 6-8, 5550 Radstadt","Loretostraße 6-8","5550 Radstadt","Austria | Österreich","Haakan Rugfelt","T +43 / 6452 / 71 93 - 0","E office@kohlbrat-bunz.com","W www.kohlbrat-bunz.com",76,"LOGISTICS & MEDICAL & HUMANITARIAN EQUIPMENT,","Loretostraße 6-8, 5550 Radstadt , Österreich",13.4607391,47.3867519,"loretostraße 6, 5550 radstadt, austria"
"63","KTS GmbH","2016","16",NA,"Jenschke-Straße 1
2542 Kottingbrunn, Niederösterreich",NA,"Jenschke Strasse 1, 2542 Kottingbrunn","Jenschke Strasse 1","2542 Kottingbrunn","Austria | Österreich",NA,"T +43 / 2252 / 700 318","E office@kts-cable.com","W www.kts-cable.com",77,"ENGINEERING EQUIPMENT, ENGINEERING SERVICES & TRAINING, OTHERS","Jenschke Strasse 1, 2542 Kottingbrunn , Österreich",16.2536319,47.959606,"jenschkestraße 1, 2542 kottingbrunn, austria"
"64","Lenzing AG","#N/A","n.v.","#N/A","#N/A",NA,"Werkstraße 2, 4860 Lenzing","Werkstraße 2","4860 Lenzing","Austria | Österreich","Oliver Spöcker","T +43 / 7672 / 701 35 05","E o.spoecker@lenzing.com","W www.lenzing.com",78,"PERSONAL EQUIPMENT, OTHERS","Werkstraße 2, 4860 Lenzing , Österreich",13.6153359,47.9753394,"werkstraße 2, 4860 lenzing, austria"
"65","LieberLieber Software","2016","19",NA,"Handelskai 340 Top 5
1020 Wien",NA,"Handelskai 340, 1020 Wien","Handelskai 340","1020 Wien","Austria | Österreich","Konrad Wieland","T +43 / 662 / 906 00 – 20 17","E konrad.wieland@lieberlieber.com","W www.lieberlieber.com",79,"ENGINEERING SERVICES & TRAINING, ICT & CYBER,","Handelskai 340, 1020 Wien , Österreich",16.4276043,48.2089014,"handelskai 340, 1020 wien, austria"
"66","Lobmeyr Public Image ","#N/A","n.v.","#N/A","#N/A",NA,"Am Hof 11, Top 4, 1010 Wien","Am Hof 11, Top 4","1010 Wien","Austria | Österreich","Rudolph Lobmeyr","T +43 / 1 / 361 55 00","E r.lobmeyr@l-pi.eu","W www.l-pi.eu",80,"OTHERS","Am Hof 11, Top 4, 1010 Wien , Österreich",16.3685457,48.2117317,"am hof 11/top 4, 1010 wien, austria"
"67","LPV gmbh","2015","1",NA,"Industriestraße I Nr. 4
2620 Neunkirchen, Niederösterreich",NA,"Industriestr. I 4, 2620 Neunkirchen","Industriestr. I 4","2620 Neunkirchen","Austria | Österreich",NA,"T +43 / 660 / 711 77 77","E uplink@satellite-telecom.net | operations@9kballistics.at","W satellite-telecom.net | 9kballistics.at",81,"COMMUNICATION EQUIPMENT, OTHERS","Industriestr. I 4, 2620 Neunkirchen , Österreich",16.0805686,47.7208167,"hauptpl. 4, 2620 neunkirchen, austria"
"68","Maschinenfabrik Liezen und Gießerei Ges.m.b.H.","2016","699","2016: 97,25 Mio. EUR","Werkstraße 5
8940 Liezen, Steiermark",NA,"Werkstraße 5, 8940 Liezen","Werkstraße 5","8940 Liezen","Austria | Österreich",NA,"T +43 / 3612 / 270 - 0","E office@mfl.at","W www.mfl.at",82,"VEHICLES & ACCESSORIES,","Werkstraße 5, 8940 Liezen , Österreich",14.2481623,47.5637658,"werkstraße 5, 8940 liezen, austria"
"69","Meritor GmbH","2017","17",NA,"Werkstraße 13
4451 St. Ulrich bei Steyr, Oberösterreich",NA,"Werkstraße 13, 4451 St. Ulrich / Steyr","Werkstraße 13","4451 St. Ulrich / Steyr","Austria | Österreich","Thomas Lang","T +43 / 7252 / 735 62 - 0","E office@meritor.at","W www.meritor.at",83,"VEHICLES & ACCESSORIES,","Werkstraße 13, 4451 St. Ulrich / Steyr , Österreich",14.4116148,48.0137167,"werkstraße 13, 4451 unterwald, austria"
"70","Nimbusec GmbH","2016","5",NA,"Fadingerstraße 15
4020 Linz, Oberösterreich",NA,"Fadingerstraße 15, 4020 Linz","Fadingerstraße 15","4020 Linz","Austria | Österreich","Alexander Mitter","T +43 / 699 / 144 155 11","E a.mitter@nimbusec.com","W https://nimbusec.com",84,"ICT & CYBER","Fadingerstraße 15, 4020 Linz , Österreich",14.2942769,48.3025508,"fadingerstraße 15, 4020 linz, austria"
"71","NM Robotic GmbH","2016","3",NA,"Marienhöhe 25
4391 Waldhausen im Strudengau, Oberösterreich",NA,"Marienhöhe 25, 4391 Waldhausen im Strudengau ","Marienhöhe 25","4391 Waldhausen im Strudengau ","Austria | Österreich","Michael Naderhirn","T +43 / 676 / 976 04 83","E m.naderhirn@nmrobotic.com","W www.nmrobotic.com",85,"ENGINEERING EQUIPMENT, TEST EQUIPMENT, ENGINEERING SERVICES & TRAINING, ICT & CYBER,","Marienhöhe 25, 4391 Waldhausen im Strudengau  , Österreich",14.9440947,48.2760895,"marienhöhe 25, 4391 waldhausen im strudengau, austria"
"72","Oberaigner Powertrain GmbH","2017","82",NA,"Daimlerstraße 1
4155 Nebelberg, Oberösterreich",NA,"Daimlerstrasse 1, 4155 Nebelberg","Daimlerstrasse 1","4155 Nebelberg","Austria | Österreich",NA,"T +43 / 7287 / 201 - 0","E sales@oberaigner.com","W www.oberaigner.com",86,"VEHICLES & ACCESSORIES,","Daimlerstrasse 1, 4155 Nebelberg , Österreich",13.8394656,48.6220168,"daimlerstraße 1, 4154 nebelberg, austria"
"73","Ognios GmbH","2016","15",NA,"Dr.Hans Lechner Straße 6
5071 Wals bei Salzburg, Salzburg",NA,"Dr.-Hans-Lechner-Straße 6, 5071 Wals-Siezenheim","Dr.-Hans-Lechner-Straße 6","5071 Wals-Siezenheim","Austria | Österreich",NA,"T +43 / 662 / 254 861","E office@ognios.com","W www.ognios.com",87,"COMMUNICATION EQUIPMENT,","Dr.-Hans-Lechner-Straße 6, 5071 Wals-Siezenheim , Österreich",12.9914099,47.8110155,"dr.-hans-lechner-straße 6, 5071 siezenheim, austria"
"74","Österreichische Staatsdruckerei GmbH - OeSD","#N/A","n.v.","#N/A","#N/A",NA,"Tenschertstraße 7, 1239 Wien","Tenschertstraße 7","1239 Wien","Austria | Österreich",NA,"T +43 / 1 / 206 66 - 0","E office@staatsdruckerei.at","W www.staatsdruckerei.at",88,"OTHERS","Tenschertstraße 7, 1239 Wien , Österreich",16.3543895,48.1396642,"tenschertstraße 7, 1230 wien, austria"
"75","PALFINGER EMEA GmbH Defence Solutions","#N/A","n.v.","#N/A","#N/A",NA,"Kapellenstraße 18, 5211 Friedburg/Lengau","Kapellenstraße 18","5211 Friedburg/Lengau","Austria | Österreich","Franz Thaller | Josef Fenninger | Robert Stengel","T +43 / 7746 / 22 81 - 0","E govsales@palfinger.com","W www.palfinger.com",89,"VEHICLES & ACCESSORIES, LOGISTICS & MEDICAL & HUMANITARIAN EQUIPMENT, ENGINEERING SERVICES & TRAINING,","Kapellenstraße 18, 5211 Friedburg/Lengau , Österreich",13.2236018,48.0085938,"kapellenstraße 18, 5211 lengau, austria"
"76","Pankl Aerospace Systems Europe GmbH","2016","66",NA,"Industriestrasse West 4
8605 Kapfenberg, Steiermark",NA,"Industriestrasse West 4, 8605 Kapfenberg","Industriestrasse West 4","8605 Kapfenberg","Austria | Österreich",NA,"T +43 / 3862 / 339 99","E aerospace@pankl.com","W www.pankl.com",90,"ENGINEERING SERVICES & TRAINING, OTHERS","Industriestrasse West 4, 8605 Kapfenberg , Österreich",15.3409492,47.4570557,"industriestraße west 4, 8605 pötschach, austria"
"77","pewag austria GmbH","2016 (Gru","n.v.","2016 (Gruppe): 129,05 Mio. EUR","Gaslaternenweg 4
8041 Graz, Steiermark",NA,"Gaslaternenweg 4, 8041 Graz","Gaslaternenweg 4","8041 Graz","Austria | Österreich",NA,"T +43 / 50 5011 - 0","E saleinfo@pewag.com","W www.pewag.com",91,"VEHICLES & ACCESSORIES,","Gaslaternenweg 4, 8041 Graz , Österreich",15.4618651,47.0465866,"gaslaternenweg 4, 8010 graz, austria"
"78","Photonic Optische Geräte GesmbH & Co. KG","#N/A","n.v.","#N/A","#N/A",NA,"Seeböckgasse 59, 1160 Wien","Seeböckgasse 59","1160 Wien","Austria | Österreich","Birgit Trautsamwieser","T +43 / 1 / 486 56 91 – 36","E trautsamwieser@photonic.at","W www.photonic.at",92,"OPTICAL EQUIPMENT & OPTO-ELECTRONICS,","Seeböckgasse 59, 1160 Wien , Österreich",16.310008,48.2186027,"seeböckgasse 59, 1160 wien, austria"
"79","ProOrienteConsultationes KG",NA,"n.v.",NA,"Hauptstraße 24
3482 Stettenhof, Niederösterreich",NA,"Hauptstraße 24, 3482 Stettenhof","Hauptstraße 24","3482 Stettenhof","Austria | Österreich","Berndt Wesiak","T +43 / 676 / 409 00 65","E berndt.wesiak@pro-oriente.co.at","W www.pro-oriente.co.at",93,"OTHERS","Hauptstraße 24, 3482 Stettenhof , Österreich",15.8056678,48.484884,"hauptstraße 24, 3482, austria"
"80","RadarServices Smart IT-Security GmbH","2017","88",NA,"Zieglergasse 6, Stiege 3
1070 Wien",NA,"Zieglergasse 6, 1070 Wien","Zieglergasse 6","1070 Wien","Austria | Österreich","Isabell Claus","T +43 / 1 / 929 12 71 - 0","E sales@radarservices.com","W www.radarservices.com",94,"ICT & CYBER","Zieglergasse 6, 1070 Wien , Österreich",16.3457708,48.197941,"zieglergasse 6, 1070 wien, austria"
"81","Raetia Technologies GmbH","2016","0",NA,"Ladestraße 8
6370 Kitzbühel, Tirol",NA,"Ladestrasse 8, 6370 Kitzbühel","Ladestrasse 8","6370 Kitzbühel","Austria | Österreich","Nikolaus Kramheller","T +43 / 676 / 397 02 21","E nk@raetia-tec.at","W www.raetia-tec.at",95,"ICT & CYBER, OTHERS","Ladestrasse 8, 6370 Kitzbühel , Österreich",12.3925407,47.4492375,"6370 kitzbuhel, austria"
"82","Raytech VertriebsgmbH","#N/A","n.v.","#N/A","#N/A",NA,"Johann Steinböck-Straße 12, 2345 Brunn am Gebirge","Johann Steinböck-Straße 12","2345 Brunn am Gebirge","Austria | Österreich",NA,"T +43 / 2236 / 90 300","E sales@raytech-group.com","W raytech-group.com",96,"VEHICLES & ACCESSORIES, COMMUNICATION EQUIPMENT, ENGINEERING EQUIPMENT, ENGINEERING SERVICES & TRAINING, OTHERS","Johann Steinböck-Straße 12, 2345 Brunn am Gebirge , Österreich",16.308713,48.1078929,"johann steinböck-straße 12, 2345 brunn am gebirge, austria"
"83","REPUCO Unternehmensberatung GmbH","2017","4",NA,"Frankenberggasse 9/5
1040 Wien",NA,"Frankenberggasse 9/5, 1040 Wien","Frankenberggasse 9/5","1040 Wien","Austria | Österreich","Wolfgang Gattringer","T +43 / 1 / 886 56 29","E office@repuco.at","W www.repuco.at",97,"ICT & CYBER, OTHERS","Frankenberggasse 9/5, 1040 Wien , Österreich",16.3685488,48.1973111,"frankenberggasse 9/5, 1040 wien, austria"
"84","RESCO Consulting GmbH","2015","3",NA,"Hauptstraße 151
8141 Unterpremstätten, Steiermark",NA,"Hauptstraße 151, 8141 Premstätten","Hauptstraße 151","8141 Premstätten","Austria | Österreich",NA,"T +43 / 3136 / 529 89","E office@resco.cc","W www.resco.cc",98,"PERSONAL EQUIPMENT, TEST EQUIPMENT, OTHERS","Hauptstraße 151, 8141 Premstätten , Österreich",15.4037872,46.9708389,"hauptstraße 151, 8141 unterpremstätten, austria"
"85","RESSENIG Fahrzeugbau GmbH","2016","132","2013/14: 17,47 Mio. EUR","St. Martiner Straße 124
9500 Villach, Kärnten",NA,"St. Martinerstraße 124, 9500 Villach","St. Martinerstraße 124","9500 Villach","Austria | Österreich",NA,"T +43 / 4242 / 50 10 – 0","E office@ressenig.at","W www.ressenig.at",99,"VEHICLES & ACCESSORIES, PERSONAL EQUIPMENT,","St. Martinerstraße 124, 9500 Villach , Österreich",13.8219158,46.6252143,"st. martiner str. 124, 9500 villach, austria"
"86","Rheinmetall MAN Military Vehicles Österreich GmbH","#N/A","n.v.","#N/A","#N/A",NA,"Brunner-Str. 44-50, 1230 Wien","Brunner-Str. 44-50","1230 Wien","Austria | Österreich",NA,"T +43 / 1 / 866 20 – 0 ","E militarytrucks@rheinmetall.com","W www.rheinmetall-defence.com",100,"VEHICLES & ACCESSORIES,","Brunner-Str. 44-50, 1230 Wien , Österreich",16.2836006,48.0978691,"brunner str. 44, 2344 maria enzersdorf, austria"
"87","Rheinmetall Waffe Munition ARGES GmbH","2016","25","2016: 5,82 Mio. EUR","Kaufing 31
4690 Schwanenstadt, Oberösterreich",NA,"Kaufing 31, 4690 Schwanenstadt","Kaufing 31","4690 Schwanenstadt","Austria | Österreich","Johann Stögermüller","T +43 / 7673 / 805 10 - 0","E Johann.Stoegermueller@Rheinmetall.com","W www.rheinmetall.com",101,"Waffen & Munition","Kaufing 31, 4690 Schwanenstadt , Österreich",13.8008506,48.0556182,"kaufing 31, 4690 kaufing, austria"
"88","Rohde & Schwarz Österreich GesmbH","#N/A","n.v.","#N/A","#N/A",NA,"Technologiestraße 10 I Gebäude E, 1120 Wien","Technologiestraße 10 I Gebäude E","1120 Wien","Austria | Österreich","Günther Topil","T +43 / 1 / 602 61 41 - 0","E rs-austria@rohde-schwarz.com","W www.rohde-schwarz.com",102,"COMMUNICATION EQUIPMENT, TEST EQUIPMENT, ICT & CYBER,","Technologiestraße 10 I Gebäude E, 1120 Wien , Österreich",16.3337591,48.1687415,"gebäude e, technologiestraße 10, 1120 wien, austria"
"89","RO-RA Aviation Systems GmbH","2016","166",NA,"Gewerbepark 8
4861 Schörfling am Attersee, Oberösterreich",NA,"Gewerbepark 8, 4861 Schörfling am Attersee","Gewerbepark 8","4861 Schörfling am Attersee","Austria | Österreich",NA,"T +43 / 7662 / 57 888","E office@ro-ra.com","W www.ro-ra.com",103,"OTHERS","Gewerbepark 8, 4861 Schörfling am Attersee , Österreich",13.6170784,47.9537215,"gewerbepark 8, 4861 niederham, austria"
"90","Rosenbauer International AG","2016 (Gruppe)","3312","2016 (Gruppe): 870,81 Mio. EUR","Paschinger Str. 90
4060 Leonding, Oberösterreich",NA,"Paschinger Straße 90, 4060 Leonding","Paschinger Straße 90","4060 Leonding","Austria | Österreich",NA,"T +43 / 732 / 67 94 - 0","E office@rosenbauer.com","W www.rosenbauer.com",104,"VEHICLES & ACCESSORIES, PERSONAL EQUIPMENT, ENGINEERING SERVICES & TRAINING,","Paschinger Straße 90, 4060 Leonding , Österreich",14.2434823,48.2713893,"paschinger str. 90, 4060 leonding, austria"
"91","RUAG Ammotec Austria GmbH","2018","17",NA,"Walter Business Park,Str. 7,Obj. 58D/1
2355 Wiener Neudorf, IZ NÖ-Süd, Niederösterreich",NA,"IZ NÖ-Süd, Straße 7, Objekt 58D, 2355 Wiener Neudorf","IZ NÖ-Süd, Straße 7, Objekt 58D","2355 Wiener Neudorf","Austria | Österreich","Georg Coester","T +43 / 2236 / 677 735 - 0","E info.at.ammotec@ruag.com","W www.ruag-ammotec.com",105,"Waffen & Munition, PERSONAL EQUIPMENT, OPTICAL EQUIPMENT & OPTO-ELECTRONICS,","IZ NÖ-Süd, Straße 7, Objekt 58D, 2355 Wiener Neudorf , Österreich",16.333152,48.067192,"iz nö-süd straße 14 7, 2355 wiener neudorf, austria"
"92","RUAG Space GmbH","2017","241","2017: 47,45 Mio. EUR","Stachegasse 16
1120 Wien",NA,"Stachegasse 16, 1120 Wien","Stachegasse 16","1120 Wien","Austria | Österreich",NA,"T +43 / 1 / 801 99 - 0","E info.at.space@ruag.com","W www.ruag.com/space",106,"OTHERS","Stachegasse 16, 1120 Wien , Österreich",16.311053,48.1622934,"stachegasse 16, 1120 wien, austria"
"93","RUBICON IT GmbH","2016","152",NA,"Werdertorgasse 14
1010 Wien",NA,"Werdertorgasse 14, 1010 Wien","Werdertorgasse 14","1010 Wien","Austria | Österreich",NA,"T +43 / 1 / 533 25 55","E office@rubicon.eu","W www.rubicon.eu",107,"ICT & CYBER","Werdertorgasse 14, 1010 Wien , Österreich",16.3715812,48.2154378,"werdertorgasse 14, 1010 wien, austria"
"94","SAIL LABS Technology","2017","22",NA,"Mariannengasse 14
1090 Wien",NA,"Mariannengasse 14, 1090 Wien","Mariannengasse 14","1090 Wien","Austria | Österreich",NA,"T +43 / 1 / 580 95 - 0","E info4speech@sail-labs.com","W www.sail-labs.com",108,"PERSONAL EQUIPMENT, COMMUNICATION EQUIPMENT, ENGINEERING EQUIPMENT, LOGISTICS & MEDICAL & HUMANITARIAN EQUIPMENT, ENGINEERING SERVICES & TRAINING, ICT & CYBER,","Mariannengasse 14, 1090 Wien , Österreich",16.3483915,48.2162468,"mariannengasse 14, 1090 wien, austria"
"95","Sattler group","#N/A","n.v.","#N/A","#N/A",NA,"Sattlerstraße 45, 8077 Gössendorf","Sattlerstraße 45","8077 Gössendorf","Austria | Österreich","Erwin Kollegger","T +43 / 316 / 4104 - 0","E mail@sattler-global.com","W www.sattler.com",109,"VEHICLES & ACCESSORIES, PERSONAL EQUIPMENT, OTHERS","Sattlerstraße 45, 8077 Gössendorf , Österreich",15.4691376,47.0095082,"sattlerstraße 45, 8041 thondorf, austria"
"96","SAWI Electronic GmbH","2016","49",NA,"Reaktorstraße 9
2440 Reisenberg, Niederösterreich",NA,"Reaktorstrasse 9, 2440 Reisenberg","Reaktorstrasse 9","2440 Reisenberg","Austria | Österreich",NA,"T +43 / 2234 / 804 50","E office@sawi.co.at","W www.sawi.co.at",110,"ENGINEERING EQUIPMENT,","Reaktorstrasse 9, 2440 Reisenberg , Österreich",16.5231078,47.994304,"reaktorstraße 9, 2440 reisenberg, austria"
"97","SBA Research gGmbH","#N/A","n.v.","#N/A","#N/A",NA,"Favoritenstrasse 16, 1040 Wien","Favoritenstrasse 16","1040 Wien","Austria | Österreich","Markus Klemen","T +43 / 1 / 505 36 88","E mklemen@sba-research.org","W www.sba-research.org",111,"ICT & CYBER","Favoritenstrasse 16, 1040 Wien , Österreich",16.3696142,48.1946431,"favoritenstraße 16, 1040 wien, austria"
"98","SCE SystemEngineering GmbH","2016","1",NA,"Berchtesgadner Straße 11
5020 Salzburg, Salzburg",NA,"Berchtesgadner Strasse 11, 5020 Salzburg","Berchtesgadner Strasse 11","5020 Salzburg","Austria | Österreich","Margit Scharfetter","T +43 / 664 / 515 51 26","E cirrus@sce.co.at","W www.sce.co.at",112,"ENGINEERING SERVICES & TRAINING, OTHERS","Berchtesgadner Strasse 11, 5020 Salzburg , Österreich",13.0431117,47.7770411,"berchtesgadner str. 11, 5020 salzburg, austria"
"99","Scheibner Business Development GmbH","2015","1",NA,"Kramergasse 9/5
1010 Wien",NA,"Kramergasse 9, 1010 Wien","Kramergasse 9","1010 Wien","Austria | Österreich",NA,"T +43 / 1 / 890 59 32","E office@hsbd.at","W www.hsbd.at",113,"OTHERS","Kramergasse 9, 1010 Wien , Österreich",16.3731778,48.2099984,"kramergasse 9, 1010 wien, austria"
"100","Schiebel Elektronische Geräte GmbH","2016","225","2016: 43,99 Mio. EUR","Margaretenstrasse 112
1050 Wien",NA,"Margaretenstraße 112, 1050 Wien","Margaretenstraße 112","1050 Wien","Austria | Österreich",NA,"T +43 / 1 / 546 26 0","E info@schiebel.net","W www.schiebel.net",114,"VEHICLES & ACCESSORIES, PERSONAL EQUIPMENT, DEMILITARISATION & DEMINING,","Margaretenstraße 112, 1050 Wien , Österreich",16.3540467,48.1888586,"margaretenstraße 112, 1050 wien, austria"
"101","Schoen Aerospace Trading & Consulting GmbH","2016","6",NA,"Consulting GmbH",NA,"Graben 19, 1010 Wien","Graben 19","1010 Wien","Austria | Österreich","Walter Schön","T +43 / 1 / 533 95 39","E office@schoenaerospace.at","W www.schoenaerospace.at",115,"OTHERS","Graben 19, 1010 Wien , Österreich",16.3682343,48.2094433,"graben 19, 1010 wien, austria"
"102","SCHUHFRIED GmbH","2017","63","2016/17: 7,50 Mio. EUR","Hyrtlstr. 45
2340 Mödling, Niederösterreich",NA,"Hyrtlstrasse 45, 2340 Mödling","Hyrtlstrasse 45","2340 Mödling","Austria | Österreich",NA,"T +43 / 2236 / 423 15 - 40","E info@schuhfried.com","W www.schuhfried.com",116,"ENGINEERING SERVICES & TRAINING, OTHERS","Hyrtlstrasse 45, 2340 Mödling , Österreich",16.3071258,48.0860987,"hyrtlstraße 45, 2340 mödling, austria"
"103","SCOTTY Group Austria GmbH","2017","17",NA,"Friedrich Wilhelm Raiffeisen Straße 3
7000 Eisenstadt, Burgenland",NA,"Teslastraße 4, 8074 Raaba-Grambach","Teslastraße 4","8074 Raaba-Grambach","Austria | Österreich","Chris Halverson","T +43 / 316 / 409 426 - 55","E c.halverson@scottygroup.com","W www.scottygroup.com",117,"COMMUNICATION EQUIPMENT,","Teslastraße 4, 8074 Raaba-Grambach , Österreich",15.5004044,47.0186142,"teslastraße 4, 8074 grambach, austria"
"104","SEC Consult Unternehmensberatung GmbH","2016","49",NA,"Komarigasse 14/1
2700 Wiener Neustadt, Niederösterreich",NA,"Mooslackengasse 17, 1190 Wien","Mooslackengasse 17","1190 Wien","Austria | Österreich",NA,"T +43 / 1 / 890 30 41","E office@sec-consult.com","W www.sec-consult.com",118,"ICT & CYBER","Mooslackengasse 17, 1190 Wien , Österreich",16.3651183,48.2499714,"mooslackengasse 17, 1190 wien, austria"
"105","SecureGUARD GmbH","2016","0",NA,"Industriezeile 35
4020 Linz, Oberösterreich",NA,"Industriezeile 35, 4020 Linz","Industriezeile 35","4020 Linz","Austria | Österreich",NA,"T +43 / 732 / 601 440","E office@secureguard.at","W www.secureguard.at",119,"ICT & CYBER","Industriezeile 35, 4020 Linz , Österreich",14.313745,48.31372,"industriezeile 35, 4020 linz, austria"
"106","SIMGUN GmbH",NA,"n.v.",NA,"Ringstraße 32/2
6840 Götzis, Vorarlberg",NA,"Ringstrasse 32/2, 6840 Götzis","Ringstrasse 32/2","6840 Götzis","Austria | Österreich","Patrick Riedesser","T +43 / 5523 / 510 07","E office@simgun.com","W www.simgun.com",120,"Waffen & Munition, PERSONAL EQUIPMENT, ENGINEERING EQUIPMENT, ENGINEERING SERVICES & TRAINING,","Ringstrasse 32/2, 6840 Götzis , Österreich",9.6411335,47.333621,"ringstraße 32, 6840 götzis, austria"
"107","smp aviation","#N/A","n.v.","#N/A","#N/A",NA,"Plüddemanngasse 67a, 8010 Graz","Plüddemanngasse 67a","8010 Graz","Austria | Österreich","Manfred Scheiring","T +43 / 699 / 142 414 21 ","E sales@smp-aviation.com","W www.smp-aviation.com",121,"COMMUNICATION EQUIPMENT, ENGINEERING EQUIPMENT,","Plüddemanngasse 67a, 8010 Graz , Österreich",15.4659304,47.0637624,"plüddemanngasse 67a, 8010 graz, austria"
"108","Spintower KG",NA,"n.v.",NA,"Teslastraße 4a
8074 Raaba-Grambach, Steiermark",NA,"Teslastrasse 4a, 8074 Grambach","Teslastrasse 4a","8074 Grambach","Austria | Österreich","Mario Schwaiger","T +43 / 316 / 214 273 - 0","E office@spintower.eu","W www.darvin.live",122,"COMMUNICATION EQUIPMENT, ENGINEERING EQUIPMENT, ICT & CYBER,","Teslastrasse 4a, 8074 Grambach , Österreich",15.5004044,47.0186142,"teslastraße 4, 8074 grambach, austria"
"109","St. Pölten University of Applied Sciences","#N/A","n.v.","#N/A","#N/A",NA,"Matthias Corvinus-Strasse 15, 3100 St. Pölten","Matthias Corvinus-Strasse 15","3100 St. Pölten","Austria | Österreich","Ernst Piller","T +43 / 2742 / 313 228 636","E ernst.piller@fhstp.ac.at","W www.fhstp.ac.at | isf.fhstp.ac.at",123,"ENGINEERING SERVICES & TRAINING, ICT & CYBER,","Matthias Corvinus-Strasse 15, 3100 St. Pölten , Österreich",15.6320474,48.213797,"matthias corvinus-straße 15, 3100 st. pölten, austria"
"110","STEYR MANNLICHER GmbH","2016","166","2016: 30,94 Mio. EUR","Ramingtal 46
4442 Kleinraming, Oberösterreich",NA,"Ramingtal 46, 4442 Kleinraming","Ramingtal 46","4442 Kleinraming","Austria | Österreich","Gundaccar Wurmbrand-Stuppach","T +43 / 7252 / 896 - 0","E office@steyr-mannlicher.com","W www.steyr-mannlicher.com",124,"Waffen & Munition","Ramingtal 46, 4442 Kleinraming , Österreich",14.495716,47.9978287,"ramingtal 46, 4442 kürnberg, austria"
"111","STEYR MOTORS GmbH","2016","185","2016: 36,19 Mio. EUR","Im Stadtgut B 1
4407 Steyr, Oberösterreich",NA,"Im Stadtgut B1, 4407 Steyr","Im Stadtgut B1","4407 Steyr","Austria | Österreich",NA,"T +43 / 7252 / 222 - 0","E office@steyr-motors.com","W www.steyr-motors.com",125,"VEHICLES & ACCESSORIES, ENGINEERING EQUIPMENT, ENGINEERING SERVICES & TRAINING, OTHERS","Im Stadtgut B1, 4407 Steyr , Österreich",14.4294491,48.072758,"im stadtgut zone b 1, 4407 steyr, austria"
"112","SVI Austria GmbH","2017","250","2014/15: 76,62 Mio. EUR","Frauentaler Straße 100
8530 Deutschlandsberg, Steiermark",NA,"Frauentaler Straße 100, 8530 Deutschlandsberg","Frauentaler Straße 100","8530 Deutschlandsberg","Austria | Österreich","Gerold Grill","T +43 / 3462 / 68 00 - 0","E office@svi-austria.com","W www.SVI-HQ.com",126,"VEHICLES & ACCESSORIES, COMMUNICATION EQUIPMENT, ENGINEERING EQUIPMENT, OPTICAL EQUIPMENT & OPTO-ELECTRONICS, TEST EQUIPMENT, LOGISTICS & MEDICAL & HUMANITARIAN EQUIPMENT, ENGINEERING SERVICES & TRAINING, OTHERS","Frauentaler Straße 100, 8530 Deutschlandsberg , Österreich",15.2332067,46.8200923,"frauentaler str. 100, 8530 deutschlandsberg, austria"
"113","Swarovski Optik KG","2014","800","2013: 123,60 Mio. EUR","Daniel-Swarovski-Straße 70
6067 Absam, Tirol",NA,"Daniel-Swarovski-Strasse 70, 6068 Absam","Daniel-Swarovski-Strasse 70","6068 Absam","Austria | Österreich","Richard Kramer","T +43 / 5223 / 51 10","E info@swarovskioptik.com","W www.swarovskioptik.com",127,"OPTICAL EQUIPMENT & OPTO-ELECTRONICS,","Daniel-Swarovski-Strasse 70, 6068 Absam , Österreich",11.5219271,47.3027696,"daniel swarovski-straße 70, 6067 absam, austria"
"114","T3K-Forensics GmbH","2016","0",NA,"Jacquingasse 51
1030 Wien",NA,"Jacquingasse 51, Top 3, 1030 Wien","Jacquingasse 51, Top 3","1030 Wien","Austria | Österreich","Felix Klier","T +43 / 1 / 929 15 91 60","E office@t3k-forensics.com","W www.t3k-forensics.com",128,"ENGINEERING SERVICES & TRAINING, ICT & CYBER, OTHERS","Jacquingasse 51, Top 3, 1030 Wien , Österreich",16.3845884,48.1894594,"jacquingasse 51/top 3, 1030 wien, austria"
"115","TEST-FUCHS GMBH","2017","345","2016/17: 54,60 Mio. EUR","Test-Fuchs-Straße 1-5
3812 Groß Siegharts, Niederösterreich",NA,"Test-Fuchs Strasse 1-5, 3812 Gross-Siegharts","Test-Fuchs Strasse 1-5","3812 Gross-Siegharts","Austria | Österreich",NA,"T +43 / 2847 / 90 01 - 0","E office@test-fuchs.com","W www.test-fuchs.com",129,"TEST EQUIPMENT,","Test-Fuchs Strasse 1-5, 3812 Gross-Siegharts , Österreich",15.4096112,48.7958622,"test-fuchs-straße 1-5, 3812 groß-siegharts, austria"
"116","Thales","2016","308","2016: 87,72 Mio. EUR","Handelskai 92
1200 Wien",NA,"Handelskai 92, 1200 Wien","Handelskai 92","1200 Wien","Austria | Österreich","Christian Loew","T +43 / 664 / 850 13 44","E christian.loew@thalesgroup.com","W www.thalesgroup.com/austria",130,"Waffen & Munition,VEHICLES & ACCESSORIES,COMMUNICATION EQUIPMENT,ENGINEERING EQUIPMENT,OPTICAL EQUIPMENT & OPTO-ELECTRONICS","Handelskai 92, 1200 Wien , Österreich",16.3850288,48.24236,"handelskai 92, 1200 wien, austria"
"117","Trixy Aviation Products GmbH","2017","0",NA,"Eschbühel 10 F
6850 Dornbirn, Vorarlberg",NA,"Eschbuehel 10 F, 6850 Dornbirn","Eschbuehel 10 F","6850 Dornbirn","Austria | Österreich","Rainer Farrag","T +43 / 664 / 396 86 05","E rainer@trixyaviation.com","W www.trixyaviation.com",131,"VEHICLES & ACCESSORIES, ENGINEERING EQUIPMENT, OTHERS","Eschbuehel 10 F, 6850 Dornbirn , Österreich",9.7580782,47.4279387,"eschbühel 10f, 6850 dornbirn, austria"
"118","TÜV AUSTRIA CERT GMBH","2016","60",NA,"Deutschstraße 10
1230 Wien",NA,"Deutschstraße 10, 1230 Wien","Deutschstraße 10","1230 Wien","Austria | Österreich",NA,"T +43 / 504 54 - 0","E office@tuv.at","W www.tuv.at",132,"ENGINEERING SERVICES & TRAINING, ICT & CYBER,","Deutschstraße 10, 1230 Wien , Österreich",16.3569001,48.1417282,"deutschstraße 10, 1230 wien, austria"
"119","Ulbrichts Witwe GmbH","2017","140","2016/17: 38,62 Mio. EUR","Kaufing 34
4690 Schwanenstadt, Oberösterreich",NA,"Kaufing 34, 4690 Schwanenstadt","Kaufing 34","4690 Schwanenstadt","Austria | Österreich",NA,"T +43 / 7673 / 27 81 - 0",NA,"W www.ulbrichts.com",133,"PERSONAL EQUIPMENT,","Kaufing 34, 4690 Schwanenstadt , Österreich",13.8024221,48.0565585,"kaufing 34, 4690 kaufing, austria"
"120","Valentin Tusch GmbH Sonderfahrzeugbau","#N/A","n.v.","#N/A","#N/A",NA,"Plescherken 18, 9074 Keutschach","Plescherken 18","9074 Keutschach","Austria | Österreich",NA,"T +43 / 4273 / 210 07","E valentin.tusch@security-car.com","W www.security-car.com",134,"VEHICLES & ACCESSORIES, PERSONAL EQUIPMENT,","Plescherken 18, 9074 Keutschach , Österreich",14.1469539,46.586256,"plescherken 18, 9074 plescherken, austria"
"121","Vexcel Imaging GmbH","2017","41","2016/17: 23,70 Mio. EUR","Anzengrubergasse 8
8010 Graz, Steiermark",NA,"Anzengrubergasse 8, 8010 Graz","Anzengrubergasse 8","8010 Graz","Austria | Österreich",NA,"T +43 / 316 / 849 066 - 0","E info@vexcel-imaging.com","W www.vexcel-imaging.com",135,"ENGINEERING EQUIPMENT, OPTICAL EQUIPMENT & OPTO-ELECTRONICS, OTHERS","Anzengrubergasse 8, 8010 Graz , Österreich",15.4423373,47.0620219,"anzengrubergasse 8, 8010 graz, austria"
"122","Viewpointsystem Gmbh","2017","21",NA,"Franz-Josefs-Kai 47/3. OG
1010 Wien",NA,"Franz-Josefs-Kai 47, 1010 Wien","Franz-Josefs-Kai 47","1010 Wien","Austria | Österreich",NA,"T +43 / 1 / 208 90 90","E office@viewpointsystem.com","W viewpointsystem.com",136,"COMMUNICATION EQUIPMENT, OPTICAL EQUIPMENT & OPTO-ELECTRONICS, OTHERS","Franz-Josefs-Kai 47, 1010 Wien , Österreich",16.3721513,48.2153546,"franz-josefs-kai 47, 1010 wien, austria"
"123","Villinger GmbH","2016","6",NA,"Gewerbepark 6
6142 Mieders, Tirol",NA,"Gewerbepark 6, 6142 Mieders","Gewerbepark 6","6142 Mieders","Austria | Österreich","Markus Villinger","T +43 / 5225 / 644 55","E info@villinger.com","W www.villinger.com",137,"ENGINEERING EQUIPMENT, OTHERS","Gewerbepark 6, 6142 Mieders , Österreich",11.365708,47.1571972,"gewerbepark 6, 6142 mieders, austria"
"124","VOERE Präzisionstechnik GmbH","2017","66",NA,"Untere Sparchen 56
6330 Kufstein, Tirol",NA,"Untere Sparchen 56, 6330 Kufstein","Untere Sparchen 56","6330 Kufstein","Austria | Österreich","Sven RuhlandT +43 / 5372 / 625 47E office@voere.atW www.voere.com",NA,NA,NA,138,"Waffen & Munition","Untere Sparchen 56, 6330 Kufstein , Österreich",12.1824082,47.5960823,"untere sparchen 56, 6330 kufstein, austria"
"125","Waagner-Biro Bridge Systems AG","2017","36","2017: 15,16 Mio. EUR","Leonard-Bernstein-Straße 10
1220 Wien",NA,"Leonard -Bernstein-Strasse 10, 1220 Wien","Leonard -Bernstein-Strasse 10","1220 Wien","Austria | Österreich","Oswald Hutter","T +43 / 1 / 288 44 - 208","E oswald.hutter@waagner-biro.at","W www.waagner-biro.com",139,"ENGINEERING EQUIPMENT, LOGISTICS & MEDICAL & HUMANITARIAN EQUIPMENT, ENGINEERING SERVICES & TRAINING, OTHERS","Leonard -Bernstein-Strasse 10, 1220 Wien , Österreich",16.413363,48.236467,"leonard-bernstein-straße 10, 1220 wien, austria"
"126","WFL Millturn Technologies","2016","326","2016: 87,89 Mio. EUR","Wahringerstr. 36
4030 Linz, Oberösterreich",NA,"Wahringerstraße 36, 4030 Linz","Wahringerstraße 36","4030 Linz","Austria | Österreich",NA,"T +43 / 732 / 69 13 - 0","E office@wfl.at","W www.wfl.at",140,"ENGINEERING EQUIPMENT,","Wahringerstraße 36, 4030 Linz , Österreich",14.3257497,48.2672543,"bg06, wahringerstraße 36, 4030 linz, austria"
"127","Zoerkler Gears GmbH & Co KG","2017","91",NA,"Friedrich Zoerkler Straße 1
7093 Jois, Burgenland",NA,"Friedrich Zoerkler Strasse 1, 7093 Jois","Friedrich Zoerkler Strasse 1","7093 Jois","Austria | Österreich","Bernhard Wagner","T +43 / 2160 / 204 00","E office@zoerkler.at","W www.zoerkler.at",141,"VEHICLES & ACCESSORIES, ENGINEERING EQUIPMENT, TEST EQUIPMENT, OTHERS","Friedrich Zoerkler Strasse 1, 7093 Jois , Österreich",16.8003493,47.9653164,"friedrich zoerkler str. 1, 7093 jois, austria"
"128","MAGNA STEYR AG","#N/A","n.v.","#N/A","#N/A",NA,"Liebenauer Hauptstraße 317, 8041 Graz, Steiermark","Liebenauer Hauptstraße 317, 8041 Graz, Steiermark","8041 Graz","Österreich",NA,NA,NA,NA,NA,"VEHICLES & ACCESSORIES","Liebenauer Hauptstraße 317, 8041 Graz, Steiermark , Österreich",15.4741699,47.0194208,"liebenauer hauptstraße 317, 8041 graz, austria"
